{
  "intercept": -6.6606606411214955,
  "weights": {
    "off_platform": 2.2415261477051693,
    "secrecy": 2.795258139680132,
    "age_probe": 3.2689908422281078,
    "flattery": 3.4037551120779588,
    "gift": 2.692140121233005
  },
  "bands": {
    "review": 0.3,
    "high": 0.7
  },
  "note": "weights over SEMANTIC similarity features; score=sigmoid(intercept+sum(w*sim))"
}