{
  "intercept": -5.160995495337354,
  "weights": {
    "off_platform": 3.075483826934732,
    "secrecy": 1.3378708865016702,
    "age_probe": 3.4589284854449476,
    "flattery": 3.2119295797479057,
    "gift": 1.2155350875762945
  },
  "bands": {
    "review": 0.3,
    "high": 0.7
  },
  "note": "weights over SEMANTIC similarity features; score=sigmoid(intercept+sum(w*sim))"
}