{
  "intercept": -5.160995495337353,
  "weights": {
    "off_platform": 3.0754838269347315,
    "secrecy": 1.3378708865016702,
    "age_probe": 3.458928485444947,
    "flattery": 3.2119295797479057,
    "gift": 1.2155350875762938
  },
  "bands": {
    "review": 0.3,
    "high": 0.7
  },
  "note": "weights over SEMANTIC similarity features; score=sigmoid(intercept+sum(w*sim))"
}