{
  "intercept": -2.2368422308933944,
  "weights": {
    "off_platform": 2.197079834740272,
    "secrecy": 2.68767114571877,
    "age_probe": 2.354671785846269,
    "flattery": 2.998838115653228,
    "gift": 1.4724820949778006
  },
  "bands": {
    "review": 0.35,
    "high": 0.7
  },
  "note": "console computes p = sigmoid(intercept + sum(w_i * signal_i)); maps p to band"
}